-- phpMyAdmin SQL Dump
-- version 5.2.0
-- https://www.phpmyadmin.net/
--
-- Host: 127.0.0.1
-- Generation Time: Jul 04, 2023 at 07:04 AM
-- Server version: 10.4.27-MariaDB
-- PHP Version: 8.2.0

SET SQL_MODE = "NO_AUTO_VALUE_ON_ZERO";
START TRANSACTION;
SET time_zone = "+00:00";


/*!40101 SET @OLD_CHARACTER_SET_CLIENT=@@CHARACTER_SET_CLIENT */;
/*!40101 SET @OLD_CHARACTER_SET_RESULTS=@@CHARACTER_SET_RESULTS */;
/*!40101 SET @OLD_COLLATION_CONNECTION=@@COLLATION_CONNECTION */;
/*!40101 SET NAMES utf8mb4 */;

--
-- Database: `sdskartikaviii1`
--

-- --------------------------------------------------------

--
-- Table structure for table `absen`
--

CREATE TABLE `absen` (
  `id_absensi` varchar(10) NOT NULL,
  `id_karyawan` varchar(12) NOT NULL,
  `tanggal_absen` date NOT NULL,
  `jam_masuk` time NOT NULL,
  `jam_pulang` time DEFAULT NULL
) ENGINE=InnoDB DEFAULT CHARSET=utf8mb4 COLLATE=utf8mb4_general_ci;

--
-- Dumping data for table `absen`
--

INSERT INTO `absen` (`id_absensi`, `id_karyawan`, `tanggal_absen`, `jam_masuk`, `jam_pulang`) VALUES
('IN0001', 'K39475', '2023-05-26', '07:40:13', '13:18:58'),
('IN0002', 'K08347', '2023-05-26', '07:44:01', '11:57:42'),
('IN0003', 'K03765', '2023-05-26', '06:17:28', '12:48:28'),
('IN0004', 'K12464', '2023-05-26', '07:10:33', '13:26:19'),
('IN0005', 'K34752', '2023-05-26', '07:37:27', '13:51:00'),
('IN0006', 'K46512', '2023-05-26', '07:12:59', '14:30:18'),
('IN0007', 'K71147', '2023-05-26', '07:06:31', '12:24:27'),
('IN0008', 'K80203', '2023-05-26', '06:36:58', '12:34:23'),
('IN0009', 'K25840', '2023-05-26', '07:25:39', '14:53:11'),
('IN0010', 'K35654', '2023-05-26', '06:47:00', '13:40:22'),
('IN0011', 'K34435', '2023-05-26', '07:45:55', '12:12:52'),
('IN0012', 'K03475', '2023-05-26', '06:33:39', '14:05:16'),
('IN0013', 'K01235', '2023-05-26', '06:50:19', '13:20:19'),
('IN0014', 'K01145', '2023-05-26', '07:17:36', '14:36:07'),
('IN0015', 'K35874', '2023-05-26', '06:32:26', '14:34:02'),
('IN0016', 'K00169', '2023-05-26', '06:04:42', '14:14:31'),
('IN0017', 'K84548', '2023-05-26', '06:26:04', '13:12:23'),
('IN0018', 'K74535', '2023-05-26', '06:51:07', '14:50:58'),
('IN0019', 'K89742', '2023-05-26', '06:34:50', '12:02:08'),
('IN0020', 'K91282', '2023-05-26', '06:16:56', '14:43:46'),
('IN0021', 'K39475', '2023-05-27', '06:04:51', '12:38:26'),
('IN0022', 'K08347', '2023-05-27', '06:15:14', '14:31:32'),
('IN0023', 'K03765', '2023-05-27', '06:35:03', '11:56:08'),
('IN0024', 'K12464', '2023-05-27', '06:07:00', '14:59:43'),
('IN0025', 'K34752', '2023-05-27', '07:01:01', '12:00:17'),
('IN0026', 'K46512', '2023-05-27', '06:25:51', '12:03:44'),
('IN0027', 'K71147', '2023-05-27', '07:06:41', '12:29:35'),
('IN0028', 'K80203', '2023-05-27', '07:31:17', '14:17:21'),
('IN0029', 'K25840', '2023-05-27', '07:10:51', '14:40:36'),
('IN0030', 'K35654', '2023-05-27', '06:01:34', '14:03:13'),
('IN0031', 'K34435', '2023-05-27', '06:09:13', '14:05:42'),
('IN0032', 'K03475', '2023-05-27', '06:57:33', '13:50:52'),
('IN0033', 'K01235', '2023-05-27', '07:05:36', '12:55:41'),
('IN0034', 'K01145', '2023-05-27', '06:44:21', '11:47:25'),
('IN0035', 'K35874', '2023-05-27', '06:34:32', '14:00:50'),
('IN0036', 'K00169', '2023-05-27', '07:27:41', '13:05:05'),
('IN0037', 'K84548', '2023-05-27', '07:25:16', '14:18:29'),
('IN0038', 'K74535', '2023-05-27', '06:55:42', '14:25:43'),
('IN0039', 'K89742', '2023-05-27', '06:43:40', '14:43:19'),
('IN0040', 'K91282', '2023-05-27', '07:20:57', '12:54:13'),
('IN0041', 'K71147', '2023-05-28', '06:19:44', '14:16:00'),
('IN0042', 'K25840', '2023-05-28', '06:42:12', '14:13:53'),
('IN0043', 'K34435', '2023-05-28', '06:51:15', '13:42:35'),
('IN0044', 'K91282', '2023-05-28', '06:33:06', '13:50:20'),
('IN0045', 'K39475', '2023-05-30', '07:47:19', '14:17:31'),
('IN0046', 'K08347', '2023-05-30', '07:11:52', '12:43:55'),
('IN0047', 'K03765', '2023-05-30', '06:11:27', '14:18:22'),
('IN0048', 'K12464', '2023-05-30', '06:24:56', '11:50:57'),
('IN0049', 'K34752', '2023-05-30', '07:06:58', '14:45:42'),
('IN0050', 'K46512', '2023-05-30', '07:45:39', '13:24:09'),
('IN0051', 'K71147', '2023-05-30', '07:54:05', '12:03:22'),
('IN0052', 'K80203', '2023-05-30', '06:09:20', '14:54:50'),
('IN0053', 'K25840', '2023-05-30', '06:42:58', '14:43:05'),
('IN0054', 'K35654', '2023-05-30', '06:53:26', '12:53:42'),
('IN0055', 'K34435', '2023-05-30', '07:10:39', '11:54:53'),
('IN0056', 'K03475', '2023-05-30', '06:40:59', '14:45:03'),
('IN0057', 'K01235', '2023-05-30', '06:28:44', '12:52:47'),
('IN0058', 'K01145', '2023-05-30', '07:27:22', '14:49:22'),
('IN0059', 'K35874', '2023-05-30', '07:06:23', '12:37:42'),
('IN0060', 'K00169', '2023-05-30', '06:48:15', '14:34:44'),
('IN0061', 'K84548', '2023-05-30', '07:51:03', '14:43:39'),
('IN0062', 'K74535', '2023-05-30', '06:57:12', '12:16:40'),
('IN0063', 'K89742', '2023-05-30', '06:31:56', '14:37:24'),
('IN0064', 'K91282', '2023-05-30', '06:56:59', '12:14:29'),
('IN0065', 'K39475', '2023-05-31', '07:55:33', '14:07:37'),
('IN0066', 'K08347', '2023-05-31', '07:13:21', '11:54:20'),
('IN0067', 'K03765', '2023-05-31', '07:08:17', '13:20:41'),
('IN0068', 'K12464', '2023-05-31', '07:07:17', '13:28:55'),
('IN0069', 'K34752', '2023-05-31', '07:57:03', '13:00:47'),
('IN0070', 'K46512', '2023-05-31', '06:05:10', '12:34:38'),
('IN0071', 'K71147', '2023-05-31', '07:53:45', '13:03:37'),
('IN0072', 'K80203', '2023-05-31', '06:19:16', '13:46:43'),
('IN0073', 'K25840', '2023-05-31', '06:35:21', '12:10:22'),
('IN0074', 'K35654', '2023-05-31', '06:17:04', '13:12:32'),
('IN0075', 'K34435', '2023-05-31', '07:27:04', '13:58:20'),
('IN0076', 'K03475', '2023-05-31', '07:58:07', '12:07:23'),
('IN0077', 'K01235', '2023-05-31', '07:02:09', '12:14:59'),
('IN0078', 'K01145', '2023-05-31', '06:50:48', '12:11:52'),
('IN0079', 'K35874', '2023-05-31', '07:17:41', '13:57:39'),
('IN0080', 'K00169', '2023-05-31', '06:57:26', '14:33:41'),
('IN0081', 'K84548', '2023-05-31', '06:31:38', '14:03:25'),
('IN0082', 'K74535', '2023-05-31', '06:58:23', '12:07:15'),
('IN0083', 'K89742', '2023-05-31', '06:52:15', '11:47:34'),
('IN0084', 'K91282', '2023-05-31', '07:57:53', '14:49:53'),
('IN0085', 'K39475', '2023-06-01', '06:44:15', '12:15:01'),
('IN0086', 'K08347', '2023-06-01', '06:58:11', '13:04:52'),
('IN0087', 'K03765', '2023-06-01', '06:34:36', '11:52:50'),
('IN0088', 'K12464', '2023-06-01', '06:01:07', '12:14:51'),
('IN0089', 'K34752', '2023-06-01', '07:14:52', '11:46:12'),
('IN0090', 'K46512', '2023-06-01', '06:31:32', '14:14:09'),
('IN0091', 'K71147', '2023-06-01', '06:59:23', '13:36:43'),
('IN0092', 'K80203', '2023-06-01', '06:43:32', '14:46:14'),
('IN0093', 'K25840', '2023-06-01', '06:42:00', '14:17:39'),
('IN0094', 'K35654', '2023-06-01', '07:10:42', '11:48:18'),
('IN0095', 'K34435', '2023-06-01', '07:42:29', '12:28:34'),
('IN0096', 'K03475', '2023-06-01', '06:47:13', '13:05:27'),
('IN0097', 'K01235', '2023-06-01', '06:18:12', '12:29:53'),
('IN0098', 'K01145', '2023-06-01', '07:09:51', '14:51:02'),
('IN0099', 'K35874', '2023-06-01', '07:06:35', '13:45:43'),
('IN0100', 'K00169', '2023-06-01', '07:56:29', '13:52:19'),
('IN0101', 'K84548', '2023-06-01', '06:27:38', '13:08:04'),
('IN0102', 'K74535', '2023-06-01', '07:32:13', '13:37:39'),
('IN0103', 'K89742', '2023-06-01', '07:54:57', '14:45:03'),
('IN0104', 'K91282', '2023-06-01', '06:36:20', '12:02:29'),
('IN0105', 'K39475', '2023-06-02', '07:49:36', '14:23:18'),
('IN0106', 'K08347', '2023-06-02', '06:06:37', '12:51:35'),
('IN0107', 'K03765', '2023-06-02', '07:01:03', '12:56:34'),
('IN0108', 'K12464', '2023-06-02', '07:12:46', '12:45:38'),
('IN0109', 'K34752', '2023-06-02', '06:24:06', '14:50:26'),
('IN0110', 'K46512', '2023-06-02', '07:17:57', '12:17:58'),
('IN0111', 'K80203', '2023-06-02', '06:53:35', '14:50:42'),
('IN0112', 'K25840', '2023-06-02', '06:53:28', '12:10:41'),
('IN0113', 'K35654', '2023-06-02', '07:22:35', '13:01:13'),
('IN0114', 'K34435', '2023-06-02', '07:26:06', '13:53:10'),
('IN0115', 'K03475', '2023-06-02', '07:25:50', '13:56:18'),
('IN0116', 'K01235', '2023-06-02', '07:53:46', '13:39:37'),
('IN0117', 'K01145', '2023-06-02', '06:19:52', '12:22:12'),
('IN0118', 'K00169', '2023-06-02', '07:23:42', '14:54:26'),
('IN0119', 'K84548', '2023-06-02', '06:22:00', '12:59:24'),
('IN0120', 'K74535', '2023-06-02', '07:50:55', '14:46:53'),
('IN0121', 'K89742', '2023-06-02', '07:41:24', '13:14:38'),
('IN0122', 'K91282', '2023-06-02', '07:10:27', '14:15:38'),
('IN0123', 'K39475', '2023-06-03', '06:50:53', '14:51:35'),
('IN0124', 'K08347', '2023-06-03', '07:53:12', '14:47:42'),
('IN0125', 'K03765', '2023-06-03', '07:09:03', '14:04:45'),
('IN0126', 'K12464', '2023-06-03', '06:27:04', '13:11:42'),
('IN0127', 'K34752', '2023-06-03', '06:03:27', '13:16:13'),
('IN0128', 'K46512', '2023-06-03', '07:52:54', '14:49:37'),
('IN0129', 'K71147', '2023-06-03', '07:39:45', '14:57:25'),
('IN0130', 'K80203', '2023-06-03', '06:56:45', '13:48:13'),
('IN0131', 'K25840', '2023-06-03', '07:37:54', '12:25:58'),
('IN0132', 'K35654', '2023-06-03', '06:22:35', '13:09:56'),
('IN0133', 'K34435', '2023-06-03', '07:42:25', '12:12:27'),
('IN0134', 'K03475', '2023-06-03', '06:38:01', '12:37:04'),
('IN0135', 'K01235', '2023-06-03', '06:12:53', '12:57:38'),
('IN0136', 'K01145', '2023-06-03', '07:38:42', '11:59:57'),
('IN0137', 'K35874', '2023-06-03', '06:58:00', '13:53:17'),
('IN0138', 'K00169', '2023-06-03', '07:40:32', '14:57:11'),
('IN0139', 'K84548', '2023-06-03', '07:23:24', '13:18:38'),
('IN0140', 'K74535', '2023-06-03', '07:17:48', '13:06:35'),
('IN0141', 'K89742', '2023-06-03', '07:33:10', '13:55:10'),
('IN0142', 'K91282', '2023-06-03', '07:24:46', '11:46:12'),
('IN0143', 'K39475', '2023-06-06', '06:13:28', '14:40:53'),
('IN0144', 'K08347', '2023-06-06', '07:08:32', '13:30:53'),
('IN0145', 'K03765', '2023-06-06', '07:41:01', '14:56:17'),
('IN0146', 'K12464', '2023-06-06', '06:09:51', '14:49:35'),
('IN0147', 'K34752', '2023-06-06', '06:20:43', '14:39:21'),
('IN0148', 'K46512', '2023-06-06', '06:48:10', '12:07:58'),
('IN0149', 'K71147', '2023-06-06', '07:34:19', '12:32:49'),
('IN0150', 'K80203', '2023-06-06', '07:30:27', '14:33:43'),
('IN0151', 'K25840', '2023-06-06', '06:38:52', '13:01:49'),
('IN0152', 'K35654', '2023-06-06', '06:15:22', '12:20:52'),
('IN0153', 'K34435', '2023-06-06', '06:38:11', '14:11:57'),
('IN0154', 'K03475', '2023-06-06', '07:43:26', '13:45:17'),
('IN0155', 'K01235', '2023-06-06', '06:35:28', '12:36:57'),
('IN0156', 'K01145', '2023-06-06', '07:29:52', '13:02:24'),
('IN0157', 'K35874', '2023-06-06', '07:13:13', '14:13:18'),
('IN0158', 'K00169', '2023-06-06', '06:11:29', '11:50:27'),
('IN0159', 'K84548', '2023-06-06', '06:13:08', '12:35:19'),
('IN0160', 'K74535', '2023-06-06', '06:38:37', '13:50:35'),
('IN0161', 'K89742', '2023-06-06', '07:49:24', '14:55:53'),
('IN0162', 'K91282', '2023-06-06', '06:28:15', '14:04:28'),
('IN0163', 'K39475', '2023-06-07', '07:14:38', '14:52:38'),
('IN0164', 'K08347', '2023-06-07', '07:49:14', '12:52:21'),
('IN0165', 'K03765', '2023-06-07', '06:21:29', '13:22:11'),
('IN0166', 'K12464', '2023-06-07', '07:36:25', '12:00:24'),
('IN0167', 'K34752', '2023-06-07', '07:19:15', '14:04:12'),
('IN0168', 'K46512', '2023-06-07', '07:03:28', '14:41:10'),
('IN0169', 'K71147', '2023-06-07', '07:41:00', '14:49:41'),
('IN0170', 'K80203', '2023-06-07', '06:42:39', '12:23:38'),
('IN0171', 'K25840', '2023-06-07', '07:21:48', '14:48:58'),
('IN0172', 'K35654', '2023-06-07', '06:52:32', '12:12:22'),
('IN0173', 'K34435', '2023-06-07', '07:41:44', '13:13:49'),
('IN0174', 'K03475', '2023-06-07', '07:17:21', '13:35:50'),
('IN0175', 'K01235', '2023-06-07', '07:02:45', '13:02:36'),
('IN0176', 'K01145', '2023-06-07', '06:43:01', '14:49:34'),
('IN0177', 'K35874', '2023-06-07', '07:25:08', '13:17:53'),
('IN0178', 'K00169', '2023-06-07', '06:23:02', '14:42:05'),
('IN0179', 'K84548', '2023-06-07', '07:00:36', '12:31:06'),
('IN0180', 'K74535', '2023-06-07', '07:21:24', '14:39:09'),
('IN0181', 'K89742', '2023-06-07', '06:33:53', '14:42:16'),
('IN0182', 'K91282', '2023-06-07', '07:11:45', '14:16:26'),
('IN0183', 'K08347', '2023-06-09', '06:22:58', '13:25:18'),
('IN0184', 'K03765', '2023-06-09', '06:09:39', '13:52:12'),
('IN0185', 'K12464', '2023-06-09', '06:47:00', '12:55:07'),
('IN0186', 'K34752', '2023-06-09', '06:48:07', '14:34:06'),
('IN0187', 'K46512', '2023-06-09', '06:49:04', '13:05:33'),
('IN0188', 'K71147', '2023-06-09', '07:53:13', '13:23:40'),
('IN0189', 'K80203', '2023-06-09', '07:26:05', '12:15:33'),
('IN0190', 'K25840', '2023-06-09', '06:49:45', '14:20:11'),
('IN0191', 'K34435', '2023-06-09', '07:34:28', '12:22:30'),
('IN0192', 'K03475', '2023-06-09', '07:02:37', '13:25:38'),
('IN0193', 'K01235', '2023-06-09', '06:43:15', '13:53:39'),
('IN0194', 'K01145', '2023-06-09', '07:13:04', '14:16:36'),
('IN0195', 'K35874', '2023-06-09', '06:53:36', '14:26:17'),
('IN0196', 'K00169', '2023-06-09', '07:49:01', '13:36:38'),
('IN0197', 'K84548', '2023-06-09', '07:58:27', '14:22:03'),
('IN0198', 'K74535', '2023-06-09', '07:29:59', '12:32:57'),
('IN0199', 'K89742', '2023-06-09', '06:49:23', '12:24:03'),
('IN0200', 'K91282', '2023-06-09', '07:24:14', '11:56:26'),
('IN0201', 'K39475', '2023-06-10', '07:14:53', '14:10:03'),
('IN0202', 'K08347', '2023-06-10', '07:31:06', '14:57:34'),
('IN0203', 'K03765', '2023-06-10', '07:24:05', '12:08:47'),
('IN0204', 'K12464', '2023-06-10', '07:40:08', '14:36:44'),
('IN0205', 'K34752', '2023-06-10', '06:48:41', '13:18:42'),
('IN0206', 'K46512', '2023-06-10', '07:39:18', '14:33:22'),
('IN0207', 'K71147', '2023-06-10', '07:05:29', '13:13:54'),
('IN0208', 'K80203', '2023-06-10', '07:49:50', '12:49:30'),
('IN0209', 'K25840', '2023-06-10', '06:31:01', '11:46:32'),
('IN0210', 'K34435', '2023-06-10', '06:10:36', '11:45:23'),
('IN0211', 'K03475', '2023-06-10', '06:40:33', '12:38:05'),
('IN0212', 'K01145', '2023-06-10', '07:09:25', '11:45:58'),
('IN0213', 'K35874', '2023-06-10', '07:08:18', '13:23:21'),
('IN0214', 'K00169', '2023-06-10', '06:11:04', '14:45:12'),
('IN0215', 'K84548', '2023-06-10', '07:07:28', '13:15:19'),
('IN0216', 'K74535', '2023-06-10', '07:10:11', '13:10:23'),
('IN0217', 'K89742', '2023-06-10', '06:34:55', '11:45:27'),
('IN0218', 'K91282', '2023-06-10', '06:28:10', '13:45:04'),
('IN0219', 'K39475', '2023-06-13', '06:11:22', '14:34:06'),
('IN0220', 'K08347', '2023-06-13', '08:00:00', '14:10:31'),
('IN0221', 'K03765', '2023-06-13', '07:05:01', '12:46:23'),
('IN0222', 'K12464', '2023-06-13', '06:55:08', '13:33:47'),
('IN0223', 'K34752', '2023-06-13', '07:36:36', '12:12:44'),
('IN0224', 'K46512', '2023-06-13', '07:23:01', '12:56:30'),
('IN0225', 'K71147', '2023-06-13', '07:33:55', '13:22:48'),
('IN0226', 'K80203', '2023-06-13', '06:23:14', '13:08:28'),
('IN0227', 'K25840', '2023-06-13', '06:33:04', '14:57:01'),
('IN0228', 'K35654', '2023-06-13', '06:42:44', '14:30:01'),
('IN0229', 'K34435', '2023-06-13', '06:17:23', '14:49:39'),
('IN0230', 'K03475', '2023-06-13', '06:22:57', '12:40:40'),
('IN0231', 'K01235', '2023-06-13', '06:20:36', '13:38:26'),
('IN0232', 'K01145', '2023-06-13', '06:27:45', '12:56:58'),
('IN0233', 'K35874', '2023-06-13', '07:40:45', '11:52:49'),
('IN0234', 'K00169', '2023-06-13', '07:53:10', '14:07:09'),
('IN0235', 'K84548', '2023-06-13', '06:46:58', '14:45:28'),
('IN0236', 'K74535', '2023-06-13', '07:24:09', '14:18:41'),
('IN0237', 'K89742', '2023-06-13', '07:02:14', '14:52:44'),
('IN0238', 'K91282', '2023-06-13', '07:07:49', '13:08:12'),
('IN0239', 'K39475', '2023-06-14', '07:43:04', '12:13:58'),
('IN0240', 'K08347', '2023-06-14', '07:06:11', '14:34:15'),
('IN0241', 'K03765', '2023-06-14', '06:08:26', '12:17:29'),
('IN0242', 'K12464', '2023-06-14', '07:40:36', '14:00:49'),
('IN0243', 'K34752', '2023-06-14', '07:15:57', '14:35:08'),
('IN0244', 'K46512', '2023-06-14', '06:01:06', '12:30:28'),
('IN0245', 'K71147', '2023-06-14', '07:28:21', '13:51:54'),
('IN0246', 'K80203', '2023-06-14', '07:45:28', '14:32:14'),
('IN0247', 'K25840', '2023-06-14', '07:34:57', '12:13:10'),
('IN0248', 'K35654', '2023-06-14', '06:30:21', '12:53:48'),
('IN0249', 'K34435', '2023-06-14', '06:27:17', '12:37:44'),
('IN0250', 'K03475', '2023-06-14', '07:48:15', '13:48:54'),
('IN0251', 'K01235', '2023-06-14', '07:09:50', '14:07:24'),
('IN0252', 'K01145', '2023-06-14', '07:21:39', '11:56:37'),
('IN0253', 'K35874', '2023-06-14', '07:50:24', '14:14:58'),
('IN0254', 'K00169', '2023-06-14', '07:48:27', '13:58:39'),
('IN0255', 'K84548', '2023-06-14', '07:21:00', '14:55:44'),
('IN0256', 'K74535', '2023-06-14', '07:07:51', '12:24:32'),
('IN0257', 'K89742', '2023-06-14', '07:59:27', '13:35:15'),
('IN0258', 'K91282', '2023-06-14', '07:27:55', '12:03:21'),
('IN0259', 'K39475', '2023-06-15', '06:01:46', '12:17:02'),
('IN0260', 'K08347', '2023-06-15', '07:26:36', '13:47:10'),
('IN0261', 'K03765', '2023-06-15', '07:22:30', '11:50:44'),
('IN0262', 'K12464', '2023-06-15', '06:10:47', '12:13:38'),
('IN0263', 'K34752', '2023-06-15', '06:24:48', '13:46:52'),
('IN0264', 'K46512', '2023-06-15', '07:09:43', '14:16:35'),
('IN0265', 'K71147', '2023-06-15', '06:20:14', '12:13:20'),
('IN0266', 'K80203', '2023-06-15', '06:17:55', '13:17:13'),
('IN0267', 'K25840', '2023-06-15', '07:29:01', '14:36:54'),
('IN0268', 'K35654', '2023-06-15', '07:28:59', '12:33:35'),
('IN0269', 'K34435', '2023-06-15', '06:03:57', '12:03:42'),
('IN0270', 'K03475', '2023-06-15', '07:09:35', '14:19:37'),
('IN0271', 'K01235', '2023-06-15', '07:18:38', '13:00:17'),
('IN0272', 'K01145', '2023-06-15', '07:52:33', '14:32:08'),
('IN0273', 'K35874', '2023-06-15', '07:14:35', '14:20:23'),
('IN0274', 'K00169', '2023-06-15', '06:07:19', '13:08:58'),
('IN0275', 'K84548', '2023-06-15', '06:41:45', '12:13:05'),
('IN0276', 'K74535', '2023-06-15', '06:55:22', '14:27:25'),
('IN0277', 'K89742', '2023-06-15', '06:37:20', '14:39:50'),
('IN0278', 'K91282', '2023-06-15', '07:50:30', '14:42:44'),
('IN0279', 'K39475', '2023-06-16', '06:24:44', '11:58:31'),
('IN0280', 'K08347', '2023-06-16', '07:11:55', '13:21:11'),
('IN0281', 'K03765', '2023-06-16', '07:35:43', '14:55:23'),
('IN0282', 'K12464', '2023-06-16', '07:28:17', '14:20:36'),
('IN0283', 'K34752', '2023-06-16', '06:58:11', '14:37:44'),
('IN0284', 'K46512', '2023-06-16', '07:40:57', '11:46:35'),
('IN0285', 'K71147', '2023-06-16', '06:30:13', '13:15:54'),
('IN0286', 'K80203', '2023-06-16', '06:11:45', '13:25:42'),
('IN0287', 'K25840', '2023-06-16', '06:12:48', '13:18:14'),
('IN0288', 'K35654', '2023-06-16', '07:42:06', '12:52:22'),
('IN0289', 'K34435', '2023-06-16', '07:05:14', '13:33:54'),
('IN0290', 'K03475', '2023-06-16', '06:04:29', '13:53:50'),
('IN0291', 'K01235', '2023-06-16', '07:15:57', '13:14:41'),
('IN0292', 'K01145', '2023-06-16', '06:40:49', '13:53:22'),
('IN0293', 'K35874', '2023-06-16', '07:56:05', '13:19:06'),
('IN0294', 'K00169', '2023-06-16', '07:23:43', '13:35:15'),
('IN0295', 'K84548', '2023-06-16', '06:14:52', '13:46:32'),
('IN0296', 'K74535', '2023-06-16', '07:40:24', '13:43:24'),
('IN0297', 'K89742', '2023-06-16', '06:01:31', '14:52:07'),
('IN0298', 'K91282', '2023-06-16', '07:55:02', '12:44:41'),
('IN0299', 'K39475', '2023-06-17', '07:46:31', '11:50:04'),
('IN0300', 'K08347', '2023-06-17', '07:07:55', '14:53:23'),
('IN0301', 'K03765', '2023-06-17', '07:57:25', '13:57:09'),
('IN0302', 'K34752', '2023-06-17', '06:14:38', '13:34:47'),
('IN0303', 'K46512', '2023-06-17', '06:25:22', '14:40:29'),
('IN0304', 'K71147', '2023-06-17', '07:37:32', '14:06:12'),
('IN0305', 'K80203', '2023-06-17', '07:06:10', '12:42:24'),
('IN0306', 'K25840', '2023-06-17', '07:26:27', '13:09:00'),
('IN0307', 'K35654', '2023-06-17', '07:45:09', '13:04:56'),
('IN0308', 'K34435', '2023-06-17', '07:08:15', '11:46:48'),
('IN0309', 'K03475', '2023-06-17', '07:21:15', '14:35:35'),
('IN0310', 'K01235', '2023-06-17', '07:51:24', '14:32:35'),
('IN0311', 'K01145', '2023-06-17', '06:51:19', '14:56:06'),
('IN0312', 'K35874', '2023-06-17', '06:54:30', '13:13:55'),
('IN0313', 'K00169', '2023-06-17', '06:23:08', '14:22:46'),
('IN0314', 'K84548', '2023-06-17', '07:20:58', '11:52:51'),
('IN0315', 'K74535', '2023-06-17', '07:25:04', '14:29:20'),
('IN0316', 'K89742', '2023-06-17', '06:55:14', '12:35:09'),
('IN0317', 'K80203', '2023-06-18', '06:32:53', '12:08:13'),
('IN0318', 'K25840', '2023-06-18', '07:58:28', '12:52:05'),
('IN0319', 'K35874', '2023-06-18', '07:24:13', '12:27:41'),
('IN0320', 'K39475', '2023-06-20', '06:33:38', '14:47:14'),
('IN0321', 'K08347', '2023-06-20', '07:46:10', '14:52:02'),
('IN0322', 'K03765', '2023-06-20', '06:16:29', '14:46:41'),
('IN0323', 'K12464', '2023-06-20', '07:37:14', '13:16:19'),
('IN0324', 'K34752', '2023-06-20', '07:26:08', '11:55:00'),
('IN0325', 'K46512', '2023-06-20', '06:05:28', '12:09:46'),
('IN0326', 'K71147', '2023-06-20', '07:53:26', '14:50:08'),
('IN0327', 'K80203', '2023-06-20', '07:29:31', '12:14:50'),
('IN0328', 'K25840', '2023-06-20', '06:55:02', '13:58:33'),
('IN0329', 'K35654', '2023-06-20', '06:17:54', '12:46:04'),
('IN0330', 'K34435', '2023-06-20', '06:31:10', '12:19:26'),
('IN0331', 'K03475', '2023-06-20', '06:15:55', '14:21:49'),
('IN0332', 'K01235', '2023-06-20', '06:59:57', '14:52:04'),
('IN0333', 'K01145', '2023-06-20', '06:08:53', '14:15:07'),
('IN0334', 'K35874', '2023-06-20', '07:43:26', '14:57:19'),
('IN0335', 'K00169', '2023-06-20', '06:09:22', '12:32:34'),
('IN0336', 'K84548', '2023-06-20', '07:24:52', '11:46:26'),
('IN0337', 'K74535', '2023-06-20', '06:02:28', '14:46:12'),
('IN0338', 'K89742', '2023-06-20', '07:31:23', '11:50:18'),
('IN0339', 'K91282', '2023-06-20', '07:56:50', '12:55:21'),
('IN0340', 'K39475', '2023-06-21', '07:57:25', '14:23:28'),
('IN0341', 'K08347', '2023-06-21', '06:43:13', '14:53:28'),
('IN0342', 'K03765', '2023-06-21', '06:53:26', '12:34:49'),
('IN0343', 'K12464', '2023-06-21', '06:05:17', '11:45:30'),
('IN0344', 'K34752', '2023-06-21', '07:04:15', '14:08:50'),
('IN0345', 'K46512', '2023-06-21', '07:32:33', '14:35:03'),
('IN0346', 'K71147', '2023-06-21', '06:54:01', '13:37:29'),
('IN0347', 'K80203', '2023-06-21', '07:21:20', '13:01:24'),
('IN0348', 'K25840', '2023-06-21', '07:32:22', '14:09:53'),
('IN0349', 'K35654', '2023-06-21', '07:36:39', '14:06:17'),
('IN0350', 'K34435', '2023-06-21', '06:04:52', '13:58:16'),
('IN0351', 'K03475', '2023-06-21', '07:06:49', '14:30:19'),
('IN0352', 'K01235', '2023-06-21', '06:14:48', '12:28:54'),
('IN0353', 'K01145', '2023-06-21', '07:08:05', '13:29:43'),
('IN0354', 'K35874', '2023-06-21', '07:27:57', '13:23:23'),
('IN0355', 'K00169', '2023-06-21', '06:19:05', '14:46:23'),
('IN0356', 'K84548', '2023-06-21', '07:00:46', '12:28:26'),
('IN0357', 'K74535', '2023-06-21', '07:28:25', '12:40:36'),
('IN0358', 'K89742', '2023-06-21', '06:53:53', '11:58:09'),
('IN0359', 'K91282', '2023-06-21', '07:27:09', '12:06:47'),
('IN0360', 'K39475', '2023-06-22', '07:07:22', '14:11:11'),
('IN0361', 'K08347', '2023-06-22', '06:16:43', '12:15:04'),
('IN0362', 'K03765', '2023-06-22', '06:56:57', '14:33:51'),
('IN0363', 'K12464', '2023-06-22', '07:28:34', '13:18:56'),
('IN0364', 'K34752', '2023-06-22', '06:39:44', '12:19:24'),
('IN0365', 'K46512', '2023-06-22', '07:44:08', '14:25:16'),
('IN0366', 'K71147', '2023-06-22', '07:02:12', '13:58:25'),
('IN0367', 'K00169', '2023-06-22', '07:59:30', '14:13:18'),
('IN0368', 'K84548', '2023-06-22', '07:08:00', '13:10:38'),
('IN0369', 'K74535', '2023-06-22', '07:38:20', '13:05:58'),
('IN0370', 'K89742', '2023-06-22', '07:55:53', '12:58:15'),
('IN0371', 'K91282', '2023-06-22', '07:24:19', '13:06:34'),
('IN0372', 'K12464', '2023-06-23', '07:11:07', '12:55:11'),
('IN0373', 'K34752', '2023-06-23', '07:29:55', '14:18:36'),
('IN0374', 'K46512', '2023-06-23', '06:36:32', '13:08:26'),
('IN0375', 'K80203', '2023-06-23', '07:14:24', '12:40:06'),
('IN0376', 'K25840', '2023-06-23', '06:26:59', '13:00:43'),
('IN0377', 'K35654', '2023-06-23', '06:09:51', '13:17:22'),
('IN0378', 'K34435', '2023-06-23', '06:26:48', '13:54:14'),
('IN0379', 'K03475', '2023-06-23', '07:43:50', '12:14:06'),
('IN0380', 'K01235', '2023-06-23', '06:41:27', '13:09:19'),
('IN0381', 'K01145', '2023-06-23', '06:08:25', '12:33:50'),
('IN0382', 'K35874', '2023-06-23', '07:23:07', '14:02:31'),
('IN0383', 'K00169', '2023-06-23', '07:10:02', '13:20:09'),
('IN0384', 'K84548', '2023-06-23', '06:27:29', '13:48:28'),
('IN0385', 'K74535', '2023-06-23', '07:16:41', '13:40:00'),
('IN0386', 'K89742', '2023-06-23', '07:40:49', '14:52:05'),
('IN0387', 'K91282', '2023-06-23', '07:14:35', '13:58:57'),
('IN0388', 'K12464', '2023-06-24', '07:46:51', '14:50:26'),
('IN0389', 'K34752', '2023-06-24', '06:19:11', '12:26:08'),
('IN0390', 'K46512', '2023-06-24', '07:58:18', '12:27:05'),
('IN0391', 'K71147', '2023-06-24', '07:31:55', '13:09:27'),
('IN0392', 'K80203', '2023-06-24', '06:22:53', '14:29:30'),
('IN0393', 'K25840', '2023-06-24', '07:12:13', '12:03:34'),
('IN0394', 'K35654', '2023-06-24', '06:05:19', '13:53:02'),
('IN0395', 'K34435', '2023-06-24', '06:12:48', '14:08:15'),
('IN0396', 'K03475', '2023-06-24', '07:30:52', '14:14:51'),
('IN0397', 'K01235', '2023-06-24', '07:09:21', '12:54:58'),
('IN0398', 'K01145', '2023-06-24', '07:21:47', '14:13:58'),
('IN0399', 'K35874', '2023-06-24', '06:24:28', '12:34:31'),
('IN0400', 'K00169', '2023-06-24', '07:10:05', '14:42:49'),
('IN0401', 'K84548', '2023-06-24', '06:36:04', '13:01:09'),
('IN0402', 'K74535', '2023-06-24', '07:43:21', '13:50:11'),
('IN0403', 'K89742', '2023-06-24', '07:21:43', '13:17:28'),
('IN0404', 'K91282', '2023-06-24', '07:59:13', '12:00:22'),
('IN0405', 'K25840', '2023-06-25', '07:15:02', '12:31:13'),
('IN0406', 'K01235', '2023-06-25', '07:17:14', '12:28:32'),
('IN0407', 'K84548', '2023-06-25', '06:15:47', '12:09:09'),
('IN0408', 'K74535', '2023-06-25', '07:07:58', '12:28:17'),
('IN0409', 'K89742', '2023-06-25', '07:05:07', '12:29:27'),
('IN0410', '201943500588', '2023-06-20', '08:14:54', NULL),
('IN0411', '201943500588', '2023-06-21', '12:28:33', '12:28:45'),
('IN0412', 'KB12354', '2023-06-21', '20:19:48', '20:20:02'),
('IN0413', 'K01145', '2023-06-29', '21:57:27', '22:07:33'),
('IN0501', 'K39475', '2023-07-02', '06:20:19', '12:10:07'),
('IN0502', 'K08347', '2023-07-02', '07:55:56', '14:38:25'),
('IN0503', 'K03765', '2023-07-02', '07:57:50', '13:00:06'),
('IN0504', 'K12464', '2023-07-02', '06:05:47', '12:49:30'),
('IN0505', 'K34752', '2023-07-02', '06:03:46', '12:31:07'),
('IN0506', 'K46512', '2023-07-02', '07:51:22', '12:06:06'),
('IN0507', 'K71147', '2023-07-02', '06:11:02', '12:22:08'),
('IN0508', 'K80203', '2023-07-02', '07:50:00', '11:54:24'),
('IN0509', 'K25840', '2023-07-02', '07:24:21', '14:56:45'),
('IN0510', 'K35654', '2023-07-02', '06:23:54', '13:28:12'),
('IN0511', 'K34435', '2023-07-02', '07:23:22', '13:17:10'),
('IN0512', 'K03475', '2023-07-02', '06:05:57', '12:46:26'),
('IN0513', 'K01235', '2023-07-02', '07:08:38', '12:56:59'),
('IN0514', 'K01145', '2023-07-02', '06:43:14', '13:31:40'),
('IN0515', 'K35874', '2023-07-02', '06:18:21', '13:28:22'),
('IN0516', 'K00169', '2023-07-02', '07:46:13', '13:39:13'),
('IN0517', 'K84548', '2023-07-02', '07:03:24', '14:26:06'),
('IN0518', 'K74535', '2023-07-02', '06:53:22', '13:51:36'),
('IN0519', 'K89742', '2023-07-02', '07:37:50', '11:58:57'),
('IN0520', 'K91282', '2023-07-02', '07:23:42', '14:58:30');

-- --------------------------------------------------------

--
-- Table structure for table `akun`
--

CREATE TABLE `akun` (
  `username` varchar(20) NOT NULL,
  `password` varchar(100) NOT NULL,
  `nama_admin` varchar(30) NOT NULL
) ENGINE=InnoDB DEFAULT CHARSET=utf8mb4 COLLATE=utf8mb4_general_ci;

--
-- Dumping data for table `akun`
--

INSERT INTO `akun` (`username`, `password`, `nama_admin`) VALUES
('jasonkira28', 'kirakira12', 'Jason Terry Kirana'),
('maxim123', '12345678', 'Maxim'),
('mila746', 'milko445', 'Milko Sar'),
('repsolhonda', 'repsol123', 'Marquez Hernandes');

-- --------------------------------------------------------

--
-- Table structure for table `jabatan`
--

CREATE TABLE `jabatan` (
  `id_jabatan` varchar(5) NOT NULL,
  `nama_jabatan` varchar(30) NOT NULL,
  `gaji_pokok` bigint(20) NOT NULL,
  `tukin` bigint(20) NOT NULL
) ENGINE=InnoDB DEFAULT CHARSET=utf8mb4 COLLATE=utf8mb4_general_ci;

--
-- Dumping data for table `jabatan`
--

INSERT INTO `jabatan` (`id_jabatan`, `nama_jabatan`, `gaji_pokok`, `tukin`) VALUES
('J01', 'Kepala Sekolah', 4500000, 1500000),
('J02', 'Guru Tetap', 3000000, 700000),
('J03', 'Guru Honorer', 1600000, 150000),
('J04', 'Wakil Kepala Sekolah', 4250000, 1200000),
('J05', 'Penjaga Sekolah', 1550000, 300000),
('J07', 'Kepala Tata Usaha', 2050000, 450000),
('J08', 'Kepala Perpustakaan', 1300000, 250000),
('J09', 'Petugas Kebersihan', 1400000, 200000),
('J10', 'Tata Usaha', 1850000, 200000),
('J11', 'Unit Perpustakaan', 2200000, 500000),
('J13', 'Operator Tata Usaha', 2750000, 150000);

-- --------------------------------------------------------

--
-- Table structure for table `karyawan`
--

CREATE TABLE `karyawan` (
  `id_karyawan` varchar(12) NOT NULL,
  `nama_karyawan` varchar(30) NOT NULL,
  `tanggal_lhr` date NOT NULL,
  `tmpt_lhr` varchar(25) NOT NULL,
  `gender` varchar(10) NOT NULL,
  `t_tugas` date NOT NULL,
  `status` varchar(12) NOT NULL,
  `nuptk` varchar(30) NOT NULL,
  `sk` varchar(30) NOT NULL,
  `gelar` varchar(30) NOT NULL,
  `id_jabatan` varchar(5) NOT NULL,
  `masa` int(11) NOT NULL,
  `id_tunjangan` varchar(5) NOT NULL
) ENGINE=InnoDB DEFAULT CHARSET=utf8mb4 COLLATE=utf8mb4_general_ci;

--
-- Dumping data for table `karyawan`
--

INSERT INTO `karyawan` (`id_karyawan`, `nama_karyawan`, `tanggal_lhr`, `tmpt_lhr`, `gender`, `t_tugas`, `status`, `nuptk`, `sk`, `gelar`, `id_jabatan`, `masa`, `id_tunjangan`) VALUES
('201943500571', 'Dilla', '1993-07-17', 'Kansas', 'Wanita', '2021-01-13', 'PTY', '2383478721', '3242342421', 'S1 Komputer', 'J02', 1, 'T02'),
('K00001', 'Jason Terry', '1999-07-30', 'Jakarta', 'Pria', '2023-07-15', 'PTY', '34826345326456', 'Skep/1/I/2023', 'S1 Informatika', 'J02', 0, 'T05'),
('K00169', 'Uu Sulaeman', '1965-03-05', 'Kuningan', 'Pria', '2006-10-01', 'PTY', '26377446462000720', 'Skep/3/IV/2010', 'S1 Admin', 'J10', 17, 'T02'),
('K01145', 'Rully Ambarwati', '1979-10-01', 'Jakarta', 'Wanita', '2013-07-15', 'PTY', '3754753485780020', 'Skep/7/V/2015', 'S1 PGSD', 'J02', 10, 'T02'),
('K01235', 'Abdul Ghani', '1992-03-20', 'Tasik', 'Pria', '2016-08-18', 'PTT', '0744764857230062', '-', 'S1 GEO', 'J03', 7, 'T00'),
('K03475', 'Rina Afriani', '1990-04-12', 'Jakarta', 'Wanita', '2013-11-15', 'PTY', '0744768669230062', 'Skep/07/V/2015', 'S1 PGSD', 'J02', 10, 'T02'),
('K03765', 'Dewi Yunista', '1981-10-24', 'Jakarta', 'Wanita', '2010-12-07', 'PTY', '1356759660300010', 'Skep/02/III/2012', 'S1 PGSD', 'J02', 13, 'T02'),
('K08347', 'Sri Jayati', '1984-02-02', 'Pati', 'Wanita', '2010-05-01', 'PTY', '4442783465800020', 'Skep/06/IV/2015', 'S1 PGSD', 'J02', 13, 'T02'),
('K12464', 'Soni Simanjuntak', '1980-04-22', 'Jakarta', 'Pria', '2011-11-11', 'PTY', '3754758660200020', 'Skep/03/IV/2012', 'S1 PGSD', 'J02', 16, 'T03'),
('K25840', 'Ninik Surwani', '1981-01-02', 'Wonogiri', 'Wanita', '2005-05-07', 'PTY', '9434759661300022', 'Skep/02/VII/2008', 'S1 PKN', 'J02', 18, 'T01'),
('K34435', 'Muhammad Ramadhan', '1995-02-02', 'Jakarta', 'Pria', '2017-01-21', 'PTT', '9434759861300025', '-', 'S1 PGSD', 'J03', 6, 'T00'),
('K34752', 'Herlina Rospawati', '1974-04-12', 'Jakarta', 'Wanita', '2016-04-01', 'PTT', '-', '-', 'D3', 'J05', 7, 'T00'),
('K35654', 'Mahnunatun', '1967-05-28', 'Jombang', 'Wanita', '2009-02-02', 'PTY', '-', 'Skep/03/IV/2010', 'SMA', 'J07', 14, 'T02'),
('K35874', 'Kustanto', '1978-06-08', 'Jakarta', 'Pria', '2015-12-01', 'PTY', '237623565234', 'Skep/02/V/2020', 'SMA', 'J05', 8, 'T02'),
('K39475', 'Agung Sukardi', '1974-01-10', 'Semarang', 'Pria', '2009-01-25', 'PTY', '4442752653200020', 'Skep/03/IV/2009', 'S1 ADMD', 'J01', 14, 'T01'),
('K46512', 'Lestari', '1984-01-10', 'Blora', 'Wanita', '2010-12-07', 'PTY', '6333762665200003', 'Skep/02/III/2012', 'S1 PGSD', 'J02', 13, 'T01'),
('K71147', 'Arbangi', '1961-09-11', 'Kebumen', 'Pria', '1996-05-07', 'PTY', '9243739643200003', 'Skep/01/VII/1996', 'S2 PAI', 'J04', 27, 'T01'),
('K74535', 'Maryani Madya', '1991-03-13', 'Majalengka', 'Wanita', '2013-11-15', 'PTY', '96457696702300300', 'Skep/7/V/2015', 'S1 PGSD', 'J02', 10, 'T02'),
('K80203', 'Pandu Prasetyo', '1981-12-12', 'Jakarta', 'Pria', '2015-02-23', 'PTY', '0544759661130213', 'Skep/15/XI/2018', 'S1 B.ING', 'J02', 8, 'T02'),
('K84548', 'Nurakmal', '1983-12-04', 'Jakarta', 'Pria', '2013-10-06', 'PTT', '96452435786400300', '-', 'S1 PGSD', 'J03', 10, 'T00'),
('K89742', 'Yuliana Syam', '1974-01-05', 'Jakarta', 'Wanita', '2016-07-18', 'PTT', '05447596611335863', '-', 'S1 PGSD', 'J03', 7, 'T00'),
('K91282', 'Sri Rahayu', '1970-12-20', 'Jakarta', 'Wanita', '2017-03-17', 'PTT', '-', '-', 'SMA', 'J10', 6, 'T00'),
('KB12354', 'Hirzy Fathansyah', '2001-07-08', 'Bekasi', 'Pria', '2022-06-16', 'PTT', '-', '-', 'S1 Informatika', 'J07', 1, 'T00');

-- --------------------------------------------------------

--
-- Table structure for table `rekap_absen`
--

CREATE TABLE `rekap_absen` (
  `id_ra` varchar(10) NOT NULL,
  `id_karyawan` varchar(12) NOT NULL,
  `bulan_absen` varchar(12) NOT NULL,
  `tahun_absen` varchar(5) NOT NULL,
  `total_hadir` int(11) NOT NULL
) ENGINE=InnoDB DEFAULT CHARSET=utf8mb4 COLLATE=utf8mb4_general_ci;

--
-- Dumping data for table `rekap_absen`
--

INSERT INTO `rekap_absen` (`id_ra`, `id_karyawan`, `bulan_absen`, `tahun_absen`, `total_hadir`) VALUES
('RA0001', 'K00169', 'Juni', '2023', 21),
('RA0002', 'K01145', 'Juni', '2023', 20),
('RA0003', 'K01235', 'Juni', '2023', 20),
('RA0004', 'K03475', 'Juni', '2023', 20),
('RA0005', 'K91282', 'Juni', '2023', 21),
('RA0006', 'K89742', 'Juni', '2023', 22),
('RA0007', 'K84548', 'Juni', '2023', 22),
('RA0008', 'K80203', 'Juni', '2023', 21),
('RA0009', 'K74535', 'Juni', '2023', 22),
('RA0010', 'K71147', 'Juni', '2023', 20),
('RA0013', 'K46512', 'Juni', '2023', 21),
('RA0014', 'K01235', 'Juli', '2023', 1);

-- --------------------------------------------------------

--
-- Table structure for table `rekap_gaji`
--

CREATE TABLE `rekap_gaji` (
  `id_rg` varchar(15) NOT NULL,
  `id_karyawan` varchar(12) NOT NULL,
  `bulan_gaji` varchar(12) NOT NULL,
  `tahun_gaji` varchar(5) NOT NULL,
  `tanggal_gaji` date NOT NULL,
  `t_gapok` double NOT NULL,
  `t_tukin` double NOT NULL,
  `t_kesra` double NOT NULL,
  `t_sehat` double NOT NULL,
  `t_transport` double NOT NULL,
  `t_beras` double NOT NULL,
  `t_gaji` double NOT NULL
) ENGINE=InnoDB DEFAULT CHARSET=utf8mb4 COLLATE=utf8mb4_general_ci;

--
-- Dumping data for table `rekap_gaji`
--

INSERT INTO `rekap_gaji` (`id_rg`, `id_karyawan`, `bulan_gaji`, `tahun_gaji`, `tanggal_gaji`, `t_gapok`, `t_tukin`, `t_kesra`, `t_sehat`, `t_transport`, `t_beras`, `t_gaji`) VALUES
('RG0001', 'K00169', 'Juli', '2023', '2023-07-02', 2432750, 263000, 328750, 65750, 105200, 65750, 3261200),
('RG0002', 'K01145', 'Juli', '2023', '2023-07-02', 3525000, 822500, 293750, 58750, 94000, 58750, 4852750),
('RG0003', 'K01235', 'Juni', '2023', '2023-06-14', 1824000, 171000, 0, 0, 0, 0, 1995000),
('RG0004', 'K03475', 'Juni', '2023', '2023-06-14', 3525000, 822500, 293750, 58750, 94000, 58750, 4852750),
('RG0005', 'K03765', 'Juni', '2023', '2023-06-14', 3735000, 871500, 311250, 62250, 99600, 62250, 5141850),
('RG0007', 'K91282', 'Juni', '2023', '2023-06-14', 2044250, 221000, 0, 0, 0, 0, 2265250),
('RG0008', 'K89742', 'Juni', '2023', '2023-06-14', 1824000, 171000, 0, 0, 0, 0, 1995000),
('RG0009', 'K84548', 'Juni', '2023', '2023-06-14', 1880000, 176250, 0, 0, 0, 0, 2056250),
('RG0010', 'K80203', 'Juni', '2023', '2023-06-14', 3420000, 798000, 285000, 57000, 91200, 57000, 4708200),
('RG0011', 'K74535', 'Juni', '2023', '2023-06-14', 3525000, 822500, 293750, 58750, 94000, 58750, 4852750),
('RG0012', 'K71147', 'Juni', '2023', '2023-06-14', 6183750, 1746000, 727500, 116400, 145500, 116400, 9035550),
('RG0014', 'KB12354', 'Juli', '2023', '2023-07-03', 2121750, 465750, 0, 0, 0, 0, 2587500),
('RG0015', 'K00001', 'Juli', '2023', '2023-07-03', 3000000, 700000, 200000, 50000, 60000, 50000, 4060000);

-- --------------------------------------------------------

--
-- Table structure for table `tunjangan`
--

CREATE TABLE `tunjangan` (
  `id_tunjangan` varchar(5) NOT NULL,
  `kesra` double NOT NULL,
  `sehat` double NOT NULL,
  `transport` double NOT NULL,
  `beras` double NOT NULL
) ENGINE=InnoDB DEFAULT CHARSET=utf8mb4 COLLATE=utf8mb4_general_ci;

--
-- Dumping data for table `tunjangan`
--

INSERT INTO `tunjangan` (`id_tunjangan`, `kesra`, `sehat`, `transport`, `beras`) VALUES
('T00', 0, 0, 0, 0),
('T01', 500000, 140000, 100000, 80000),
('T02', 250000, 140000, 80000, 52000),
('T03', 120000, 95000, 50000, 60000),
('T05', 200000, 110000, 60000, 50000);

--
-- Indexes for dumped tables
--

--
-- Indexes for table `absen`
--
ALTER TABLE `absen`
  ADD PRIMARY KEY (`id_absensi`);

--
-- Indexes for table `akun`
--
ALTER TABLE `akun`
  ADD PRIMARY KEY (`username`);

--
-- Indexes for table `jabatan`
--
ALTER TABLE `jabatan`
  ADD PRIMARY KEY (`id_jabatan`);

--
-- Indexes for table `karyawan`
--
ALTER TABLE `karyawan`
  ADD PRIMARY KEY (`id_karyawan`);

--
-- Indexes for table `rekap_absen`
--
ALTER TABLE `rekap_absen`
  ADD PRIMARY KEY (`id_ra`);

--
-- Indexes for table `rekap_gaji`
--
ALTER TABLE `rekap_gaji`
  ADD PRIMARY KEY (`id_rg`);

--
-- Indexes for table `tunjangan`
--
ALTER TABLE `tunjangan`
  ADD PRIMARY KEY (`id_tunjangan`);
COMMIT;

/*!40101 SET CHARACTER_SET_CLIENT=@OLD_CHARACTER_SET_CLIENT */;
/*!40101 SET CHARACTER_SET_RESULTS=@OLD_CHARACTER_SET_RESULTS */;
/*!40101 SET COLLATION_CONNECTION=@OLD_COLLATION_CONNECTION */;
